{"f1_score": 0.8947368421052632, "accuracy": 0.9298245614035088, "precision": 0.918918918918919, "recall": 0.8717948717948718, "_timestamp": 1747586028.6373608, "_runtime": 2.4373087882995605, "_step": 0, "_wandb": {"runtime": 2}}