{"f1_score": 0.8918918918918919, "accuracy": 0.9298245614035088, "precision": 0.9428571428571428, "recall": 0.8461538461538461, "_timestamp": 1747585894.366955, "_runtime": 2.1989359855651855, "_step": 0, "_wandb": {"runtime": 1}}