{"f1_score": 0.8648648648648649, "accuracy": 0.9122807017543859, "precision": 0.9142857142857143, "recall": 0.8205128205128205, "_timestamp": 1747585760.815787, "_runtime": 2.411734104156494, "_step": 0, "_wandb": {"runtime": 2}}