{"f1_score": 0.8767123287671232, "accuracy": 0.9210526315789473, "precision": 0.9411764705882353, "recall": 0.8205128205128205, "_timestamp": 1747585802.2846122, "_runtime": 2.5664100646972656, "_step": 0, "_wandb": {"runtime": 2}}