{"train_loss": 0.07376000761295314, "test_loss": 0.13632139655347428, "train_accuracy": 0.9626373626373627, "test_accuracy": 0.9385964912280702, "f1_score": 0.9066666666666666, "accuracy": 0.9385964912280702, "precision": 0.9444444444444444, "recall": 0.8717948717948718, "_timestamp": 1747586794.929961, "_runtime": 2.454237937927246, "_step": 0, "_wandb": {"runtime": 2}}