{"train_loss": 0.0867670007381604, "test_loss": 0.14744952253688726, "train_accuracy": 0.9538461538461539, "test_accuracy": 0.9385964912280702, "f1_score": 0.9066666666666666, "accuracy": 0.9385964912280702, "precision": 0.9444444444444444, "recall": 0.8717948717948718, "_timestamp": 1747586717.5080478, "_runtime": 2.2051737308502197, "_step": 0, "_wandb": {"runtime": 1}}