{"train_loss": 0.11672146150759923, "test_loss": 0.2116031846426979, "train_accuracy": 0.9494505494505494, "test_accuracy": 0.9210526315789473, "f1_score": 0.88, "accuracy": 0.9210526315789473, "precision": 0.9166666666666666, "recall": 0.8461538461538461, "_timestamp": 1747586676.25138, "_runtime": 2.098823070526123, "_step": 0, "_wandb": {"runtime": 1}}