{"train_loss": 0.10394983542796854, "test_loss": 0.14752529370489703, "train_accuracy": 0.9516483516483516, "test_accuracy": 0.9210526315789473, "f1_score": 0.88, "accuracy": 0.9210526315789473, "precision": 0.9166666666666666, "recall": 0.8461538461538461, "_timestamp": 1747586557.827502, "_runtime": 2.0862109661102295, "_step": 0, "_wandb": {"runtime": 1}}