{"train_loss": 0.11644705140632841, "test_loss": 0.212796567274262, "train_accuracy": 0.9494505494505494, "test_accuracy": 0.9210526315789473, "f1_score": 0.88, "accuracy": 0.9210526315789473, "precision": 0.9166666666666666, "recall": 0.8461538461538461, "_timestamp": 1747586769.001205, "_runtime": 2.244117021560669, "_step": 0, "_wandb": {"runtime": 1}}