{"train_loss": 0.14458521618327042, "test_loss": 0.2121162196497235, "train_accuracy": 0.9406593406593406, "test_accuracy": 0.9122807017543859, "f1_score": 0.8648648648648649, "accuracy": 0.9122807017543859, "precision": 0.9142857142857143, "recall": 0.8205128205128205, "_timestamp": 1747586486.154201, "_runtime": 2.372136116027832, "_step": 0, "_wandb": {"runtime": 2}}