{"train_loss": 0.11101374500267103, "test_loss": 0.16035624288677863, "train_accuracy": 0.9516483516483516, "test_accuracy": 0.9298245614035088, "f1_score": 0.8918918918918919, "accuracy": 0.9298245614035088, "precision": 0.9428571428571428, "recall": 0.8461538461538461, "_timestamp": 1747586630.113439, "_runtime": 2.23638916015625, "_step": 0, "_wandb": {"runtime": 1}}