{"f1_score": 0.9066666666666666, "accuracy": 0.9385964912280702, "precision": 0.9444444444444444, "recall": 0.8717948717948718, "_timestamp": 1747585966.436651, "_runtime": 2.274622917175293, "_step": 0, "_wandb": {"runtime": 1}}