{"train_loss": 0.0714974064803489, "test_loss": 0.1327378815129979, "train_accuracy": 0.9626373626373627, "test_accuracy": 0.9385964912280702, "f1_score": 0.9066666666666666, "accuracy": 0.9385964912280702, "precision": 0.9444444444444444, "recall": 0.8717948717948718, "_timestamp": 1747586845.915006, "_runtime": 2.218474864959717, "_step": 0, "_wandb": {"runtime": 1}}