{"train_loss": 0.08629144099245935, "test_loss": 0.1470243593342216, "train_accuracy": 0.9560439560439561, "test_accuracy": 0.9385964912280702, "f1_score": 0.9066666666666666, "accuracy": 0.9385964912280702, "precision": 0.9444444444444444, "recall": 0.8717948717948718, "_timestamp": 1747586702.14847, "_runtime": 2.312734842300415, "_step": 0, "_wandb": {"runtime": 2}}