{"f1_score": 0.935064935064935, "accuracy": 0.9122807017543859, "precision": 0.9113924050632911, "recall": 0.96, "_timestamp": 1747583044.0165849, "_runtime": 2.2968809604644775, "_step": 0, "_wandb": {"runtime": 2}}