{"f1_score": 0.8947368421052632, "accuracy": 0.9298245614035088, "precision": 0.918918918918919, "recall": 0.8717948717948718, "_timestamp": 1747585930.2831511, "_runtime": 2.1477150917053223, "_step": 0, "_wandb": {"runtime": 1}}