{"f1_score": 0.954248366013072, "accuracy": 0.9385964912280702, "precision": 0.9358974358974359, "recall": 0.9733333333333334, "_timestamp": 1747583244.5334752, "_runtime": 2.2962381839752197, "_step": 0, "_wandb": {"runtime": 2}}