{"train_loss": 0.1450450895836267, "test_loss": 0.21515973871880087, "train_accuracy": 0.9406593406593406, "test_accuracy": 0.9210526315789473, "f1_score": 0.8767123287671232, "accuracy": 0.9210526315789473, "precision": 0.9411764705882353, "recall": 0.8205128205128205, "_timestamp": 1747586547.585854, "_runtime": 2.1540610790252686, "_step": 0, "_wandb": {"runtime": 1}}