{"f1_score": 0.948051948051948, "accuracy": 0.9298245614035088, "precision": 0.9240506329113924, "recall": 0.9733333333333334, "_timestamp": 1747583167.4789708, "_runtime": 2.343021869659424, "_step": 0, "_wandb": {"runtime": 2}}