{"train_loss": 0.10488093514012017, "test_loss": 0.15015625982523628, "train_accuracy": 0.9472527472527472, "test_accuracy": 0.9210526315789473, "f1_score": 0.88, "accuracy": 0.9210526315789473, "precision": 0.9166666666666666, "recall": 0.8461538461538461, "_timestamp": 1747586511.620346, "_runtime": 2.1830530166625977, "_step": 0, "_wandb": {"runtime": 1}}