{"f1_score": 0.954248366013072, "accuracy": 0.9385964912280702, "precision": 0.9358974358974359, "recall": 0.9733333333333334, "_timestamp": 1747583234.004271, "_runtime": 2.2242181301116943, "_step": 0, "_wandb": {"runtime": 1}}