{"train_loss": 0.11495163291365423, "test_loss": 0.18802719100051077, "train_accuracy": 0.9582417582417583, "test_accuracy": 0.9298245614035088, "f1_score": 0.8918918918918919, "accuracy": 0.9298245614035088, "precision": 0.9428571428571428, "recall": 0.8461538461538461, "_timestamp": 1747586604.202466, "_runtime": 2.0687859058380127, "_step": 0, "_wandb": {"runtime": 1}}