{"f1_score": 0.9066666666666666, "accuracy": 0.9385964912280702, "precision": 0.9444444444444444, "recall": 0.8717948717948718, "_timestamp": 1747586018.084162, "_runtime": 2.3626790046691895, "_step": 0, "_wandb": {"runtime": 2}}