{"train_loss": 0.07348934464442601, "test_loss": 0.1344844498838251, "train_accuracy": 0.9626373626373627, "test_accuracy": 0.9385964912280702, "f1_score": 0.9066666666666666, "accuracy": 0.9385964912280702, "precision": 0.9444444444444444, "recall": 0.8717948717948718, "_timestamp": 1747586820.1621609, "_runtime": 2.217819929122925, "_step": 0, "_wandb": {"runtime": 1}}