{"f1_score": 0.9419354838709677, "accuracy": 0.9210526315789473, "precision": 0.9125, "recall": 0.9733333333333334, "_timestamp": 1747583115.5907352, "_runtime": 2.1291141510009766, "_step": 0, "_wandb": {"runtime": 1}}