{"train_loss": 0.09633939265714266, "test_loss": 0.14576485292511593, "train_accuracy": 0.9494505494505494, "test_accuracy": 0.9298245614035088, "f1_score": 0.8947368421052632, "accuracy": 0.9298245614035088, "precision": 0.918918918918919, "recall": 0.8717948717948718, "_timestamp": 1747586655.8855512, "_runtime": 2.219003200531006, "_step": 0, "_wandb": {"runtime": 2}}