{"f1_score": 0.9411764705882353, "accuracy": 0.9210526315789473, "precision": 0.9230769230769231, "recall": 0.96, "_timestamp": 1747583193.4443488, "_runtime": 2.457507848739624, "_step": 0, "_wandb": {"runtime": 2}}