{"f1_score": 0.948051948051948, "accuracy": 0.9298245614035088, "precision": 0.9240506329113924, "recall": 0.9733333333333334, "_timestamp": 1747583105.362474, "_runtime": 2.197314977645874, "_step": 0, "_wandb": {"runtime": 1}}