{"f1_score": 0.88, "accuracy": 0.9210526315789473, "precision": 0.9166666666666666, "recall": 0.8461538461538461, "_timestamp": 1747585812.132873, "_runtime": 2.425119161605835, "_step": 0, "_wandb": {"runtime": 2}}