{"train_loss": 0.08604338162635015, "test_loss": 0.14448576527202275, "train_accuracy": 0.9560439560439561, "test_accuracy": 0.9385964912280702, "f1_score": 0.9066666666666666, "accuracy": 0.9385964912280702, "precision": 0.9444444444444444, "recall": 0.8717948717948718, "_timestamp": 1747586727.9530098, "_runtime": 2.4150309562683105, "_step": 0, "_wandb": {"runtime": 2}}