{"train_loss": 0.1204538932028269, "test_loss": 0.19671516932000374, "train_accuracy": 0.9516483516483516, "test_accuracy": 0.9210526315789473, "f1_score": 0.8767123287671232, "accuracy": 0.9210526315789473, "precision": 0.9411764705882353, "recall": 0.8205128205128205, "_timestamp": 1747586578.66532, "_runtime": 2.207711935043335, "_step": 0, "_wandb": {"runtime": 1}}