{"train_loss": 0.08504332438643128, "test_loss": 0.1448789971385272, "train_accuracy": 0.9560439560439561, "test_accuracy": 0.9298245614035088, "f1_score": 0.8947368421052632, "accuracy": 0.9298245614035088, "precision": 0.918918918918919, "recall": 0.8717948717948718, "_timestamp": 1747586748.1828868, "_runtime": 2.1378889083862305, "_step": 0, "_wandb": {"runtime": 1}}